日付,車両クラス,モデル,エラー内容
2025-04-01,SUV3,貸渡実績情報_1_SUV3,2025-04-01のSUV3データが存在しません
2025-04-02,SUV3,貸渡実績情報_1_SUV3,2025-04-02のSUV3データが存在しません
2025-04-07,SUV3,貸渡実績情報_1_SUV3,2025-04-07のSUV3データが存在しません
2025-04-08,SUV3,貸渡実績情報_1_SUV3,2025-04-08のSUV3データが存在しません
2025-04-08,W3,貸渡実績情報_1_W3,2025-04-08のW3データが存在しません
2025-04-09,W3,貸渡実績情報_1_W3,2025-04-09のW3データが存在しません
2025-04-10,W3,貸渡実績情報_1_W3,2025-04-10のW3データが存在しません
2025-04-14,SUV2,貸渡実績情報_1_SUV2,2025-04-14のSUV2データが存在しません
2025-04-14,SUV3,貸渡実績情報_1_SUV3,2025-04-14のSUV3データが存在しません
